2020-07-16T07:06:46.468000,Drainage empty
2020-07-16T07:06:46.470000,Drainage empty
2020-07-16T07:06:46.469000,Drainage empty
2020-07-16T07:06:51.681000,Drainage empty
2020-07-16T07:06:51.679000,Drainage empty
2020-07-16T07:06:51.695000,Drainage halffilled
2020-07-16T07:06:51.702000,Drainage Overflow
2020-07-16T07:06:51.704000,Drainage empty
2020-07-16T07:06:51.714000,Drainage empty
2020-07-16T07:06:51.725000,Drainage empty
2020-07-16T07:06:53.088000,Drainage empty
2020-07-16T07:06:53.764000,Drainage empty
2020-07-16T07:06:53.773000,Drainage empty
2020-07-16T07:06:53.779000,Drainage halffilled
2020-07-16T07:06:53.980000,Drainage empty
2020-07-16T07:06:53.979000,Drainage empty
2020-07-16T07:06:53.992000,Drainage empty
2020-07-16T07:07:01.339000,Drainage empty
2020-07-16T07:07:01.353000,Drainage empty
2020-07-16T07:07:01.367000,Drainage empty
2020-07-16T07:07:01.369000,Drainage halffilled
2020-07-16T07:07:01.369000,Drainage empty
2020-07-16T07:07:01.374000,Drainage halffilled
2020-07-16T07:07:01.383000,Drainage Overflow
2020-07-16T07:07:36.418000,Drainage empty
2020-07-16T07:07:36.414000,Drainage empty
2020-07-16T07:07:36.417000,Drainage Overflow
2020-07-16T07:07:36.421000,Drainage empty
2020-07-16T07:07:36.439000,Drainage empty
2020-07-16T07:07:36.440000,Drainage empty
2020-07-16T07:07:37.845000,Drainage emp0P
2020-07-16T07:08:12.061000,Drainage halffilled
2020-07-16T07:08:12.145000,Drainage halffilled
2020-07-16T07:08:12.150000,Drainage halffilled
2020-07-16T07:08:12.711000,Drainage halffilled
2020-07-16T07:08:12.709000,Drainage halffilled
2020-07-16T07:08:12.711000,Drainage halffilled
2020-07-16T07:08:14.142000,Drainage Overflow
2020-07-16T07:08:14.146000,Drainage empty
2020-07-16T07:08:14.156000,Drainage halffilled
2020-07-16T07:08:14.157000,Drainage Overflow
2020-07-16T07:08:14.462000,Drainage halffilled
2020-07-16T07:08:14.466000,Drainage halffilled
2020-07-16T07:08:14.463000,Drainage halffilled
2020-07-16T07:08:29.214000,Drainage Overflow
2020-07-16T07:08:29.218000,Drainage Overflow
2020-07-16T07:08:29.216000,Drainage Overflow
2020-07-16T07:08:29.229000,Drainage Overflow
2020-07-16T07:08:29.233000,Drainage Overflow
2020-07-16T07:08:29.236000,Drainage Overflow
2020-07-16T07:08:29.229000,Drainage Overflow
2020-07-16T07:08:31.629000,Drainage Overflow
2020-07-16T07:08:31.627000,Drainage Overflow
2020-07-16T07:08:31.630000,Drainage Overflow
2020-07-16T07:09:05.772000,Drainage Overflow
2020-07-16T07:09:05.789000,Drainage Overflow
2020-07-16T07:09:05.797000,Drainage Overflow
2020-07-16T07:09:05.805000,Drainage Overflow
2020-07-16T07:09:05.810000,Drainage Overflow
2020-07-16T07:09:05.785000,Drainage Overflow
2020-07-16T07:09:05.818000,Drainage Overflow
2020-07-16T07:09:11.027000,Drainage halffilled
2020-07-16T07:09:11.027000,Drainage empty
2020-07-16T07:09:11.024000,Drainage halffilled
2020-07-16T07:09:11.237000,Drainage halffilled
2020-07-16T07:09:11.233000,Drainage halffilled
2020-07-16T07:09:11.237000,Drainage halffilled
2020-07-16T07:09:12.876000,Drainage halffilled
2020-07-16T07:09:12.878000,Drainage halffilled
2020-07-16T07:09:12.878000,Drainage halffilled
2020-07-16T07:09:12.888000,Drainage halffilled
2020-07-16T07:09:14.038000,Drainage halffilled
2020-07-16T07:09:14.042000,Drainage halffilled
2020-07-16T07:09:14.043000,Drainage halffilled
2020-07-16T07:09:15.875000,Drainage halffilled
2020-07-16T07:09:15.879000,Drainage halffilled
2020-07-16T07:09:16.680000,Drainage halffilled
2020-07-16T07:09:16.683000,Drainage halffilled
2020-07-16T07:09:16.683000,Drainage halffilled
2020-07-16T07:09:16.697000,Drainage halffilled
2020-07-16T07:09:16.698000,Drainage halffilled
2020-07-16T07:09:16.741000,Drainage halffilled
2020-07-16T07:09:16.915000,Drainage halffilled
2020-07-16T07:09:16.915000,Drainage halffilled
2020-07-16T07:09:16.914000,Drainage halffilled
2020-07-16T07:09:16.915000,Drainage halffilled
2020-07-16T07:09:17.126000,Drainage empty
2020-07-16T07:09:17.138000,Drainage empty
2020-07-16T07:09:17.626000,Drainage empty
2020-07-16T07:09:18.432000,Drainage empty
2020-07-16T07:09:18.443000,Drainage empty
2020-07-16T07:09:18.439000,Drainage empty
2020-07-16T07:09:18.442000,Drainage empty
2020-07-16T07:09:18.684000,Drainage empty
2020-07-16T07:09:18.685000,Drainage empty
2020-07-16T07:09:19.475000,Drainage empty
2020-07-16T07:09:20.050000,Drainage empty
2020-07-16T07:09:20.045000,Drainage empty
2020-07-16T07:09:20.047000,Drainage empty
2020-07-16T07:09:20.050000,Drainage empty
2020-07-16T07:09:20.477000,Drainage empty
2020-07-16T07:09:20.474000,Drainage empty
2020-07-16T07:09:20.947000,Drainage empty
2020-07-16T07:09:22.706000,Drainage empty
2020-07-16T07:09:22.827000,Drainage empty
2020-07-16T07:09:22.826000,Drainage empty
2020-07-16T07:09:22.841000,Drainage empty
2020-07-16T07:09:22.843000,Drainage empty
2020-07-16T07:09:22.840000,Drainage empty
2020-07-16T07:09:24.611000,Drainage empty
2020-07-16T07:09:24.622000,Drainage empty
2020-07-16T07:09:24.623000,Drainage empty
2020-07-16T07:09:24.650000,Drainage empty
2020-07-16T07:09:24.653000,Drainage empty
2020-07-16T07:09:24.654000,Drainage empty
2020-07-16T07:09:24.688000,Drainage empty
2020-07-16T07:09:25.726000,Drainage empty
2020-07-16T07:09:25.722000,Drainage empty
2020-07-16T07:09:25.727000,Drainage empty
2020-07-16T07:09:26.571000,Drainage empty
2020-07-16T07:09:26.581000,Drainage empty
2020-07-16T07:09:26.575000,Drainage empty
2020-07-16T07:09:26.582000,Drainage empty
2020-07-16T07:09:28.266000,Drainage empty
2020-07-16T07:09:28.279000,Drainage empty
2020-07-16T07:09:28.279000,Drainage empty
2020-07-16T07:09:28.864000,Drainage empty
2020-07-16T07:09:28.863000,Drainage empty
2020-07-16T07:09:29.769000,Drainage empty
2020-07-16T07:09:31.304000,Drainage empty
2020-07-16T07:09:31.304000,Drainage empty
2020-07-16T07:09:31.300000,Drainage empty
2020-07-16T07:09:32.798000,Drainage empty
2020-07-16T07:09:32.795000,Drainage empty
2020-07-16T07:09:34.623000,Drainage empty
2020-07-16T07:09:34.620000,Drainage empty
2020-07-16T07:09:36.471000,Drainage empty
2020-07-16T07:09:36.468000,Drainage empty
2020-07-16T07:09:38.183000,Drainage empty
2020-07-16T07:09:38.180000,Drainage empty
2020-07-16T07:09:38.183000,Drainage empty
2020-07-16T07:09:40.477000,Drainage empty
2020-07-16T07:09:40.478000,Drainage empty
2020-07-16T07:09:41.434000,Drainage empty
2020-07-16T07:09:41.431000,Drainage empty
2020-07-16T07:09:45.440000,Drainage empty
2020-07-16T07:09:45.439000,Drainage empty
2020-07-16T07:09:45.451000,Drainage empty
2020-07-16T07:09:46.196000,Drainage empty
2020-07-16T07:09:46.192000,Drainage empty
2020-07-16T07:09:47.854000,Drainage empty
2020-07-16T07:09:47.854000,Drainage empty
2020-07-16T07:09:47.870000,Drainage empty
2020-07-16T07:09:49.306000,Drainage empty
2020-07-16T07:09:49.302000,Drainage empty
2020-07-16T07:09:51.063000,Drainage empty
2020-07-16T07:09:51.068000,Drainage empty
2020-07-16T07:09:52.717000,Drainage empty
2020-07-16T07:09:52.717000,Drainage empty
2020-07-16T07:09:54.443000,Drainage empty
2020-07-16T07:09:54.443000,Drainage empty
2020-07-16T07:09:54.441000,Drainage empty
2020-07-16T07:09:57.585000,Drainage empty
2020-07-16T07:09:57.585000,Drainage empty
2020-07-16T07:09:58.357000,Drainage empty
2020-07-16T07:09:59.042000,Drainage empty
2020-07-16T07:10:01.333000,Drainage empty
2020-07-16T07:10:01.334000,Drainage empty
2020-07-16T07:10:01.344000,Drainage empty
2020-07-16T07:10:02.001000,Drainage empty
2020-07-16T07:10:02.001000,Drainage empty
2020-07-16T07:10:03.766000,Drainage empty
2020-07-16T07:10:03.767000,Drainage empty
2020-07-16T07:10:03.768000,Drainage empty
2020-07-16T07:10:05.460000,Drainage empty
2020-07-16T07:10:05.459000,Drainage empty
2020-07-16T07:10:08.146000,Drainage empty
2020-07-16T07:10:08.156000,Drainage empty
2020-07-16T07:10:08.791000,Drainage empty
2020-07-16T07:10:09.429000,Drainage empty
2020-07-16T07:10:11.318000,Drainage empty
2020-07-16T07:10:13.221000,Drainage empty
2020-07-16T07:10:13.225000,Drainage empty
2020-07-16T07:10:16.518000,Drainage empty
2020-07-16T07:10:16.522000,Drainage empty
2020-07-16T07:10:16.523000,Drainage empty
2020-07-16T07:10:22.633000,Drainage empty
2020-07-16T07:10:22.630000,Drainage empty
2020-07-16T07:10:22.635000,Drainage empty
2020-07-16T07:10:29.018000,Drainage empty
2020-07-16T07:10:29.019000,Drainage empty
2020-07-16T07:10:29.024000,Drainage empty
2020-07-16T07:10:29.028000,Drainage empty
2020-07-16T07:10:29.322000,Drainage empty
2020-07-16T07:10:29.321000,Drainage empty
2020-07-16T07:10:29.324000,Drainage empty
2020-07-16T07:10:36.862000,Drainage empty
2020-07-16T07:10:36.862000,Drainage empty
2020-07-16T07:10:36.858000,Drainage empty
2020-07-16T07:10:36.933000,Drainage empty
2020-07-16T07:10:36.935000,Drainage empty
2020-07-16T07:10:36.933000,Drainage empty
2020-07-16T07:10:38.037000,Drainage empty
2020-07-16T07:10:39.089000,Drainage empty
2020-07-16T07:10:39.090000,Drainage empty
2020-07-16T07:10:39.090000,Drainage empty
2020-07-16T07:10:41.678000,Drainage empty
2020-07-16T07:10:41.743000,Drainage empty
2020-07-16T07:10:41.741000,Drainage empty
2020-07-16T07:10:41.741000,Drainage empty
2020-07-16T07:10:43.775000,Drainage empty
2020-07-16T07:10:43.773000,Drainage empty
2020-07-16T07:10:43.770000,Drainage empty
2020-07-16T07:10:44.729000,Drainage empty
2020-07-16T07:10:45.880000,Drainage empty
2020-07-16T07:10:47.980000,Drainage empty
2020-07-16T07:10:49.162000,Drainage empty
2020-07-16T07:10:49.158000,Drainage empty
2020-07-16T07:10:49.860000,Drainage empty
2020-07-16T07:10:49.866000,Drainage empty
2020-07-16T07:10:53.015000,Drainage empty
2020-07-16T07:11:04.675000,Drainage empty
2020-07-16T07:11:04.671000,Drainage empty
2020-07-16T07:11:04.673000,Drainage empty
2020-07-16T07:11:04.676000,Drainage empty
2020-07-16T07:11:04.700000,Drainage empty
2020-07-16T07:11:04.694000,Drainage empty
2020-07-16T07:11:04.705000,Drainage empty
2020-07-16T07:11:04.716000,Drainage empty
2020-07-16T07:11:04.701000,Drainage empty
2020-07-16T07:11:04.713000,Drainage empty
2020-07-16T07:11:04.724000,Drainage empty
2020-07-16T07:11:04.737000,Drainage empty
2020-07-16T07:11:04.736000,Drainage empty
2020-07-16T07:11:04.738000,Drainage empty
2020-07-16T07:11:04.750000,Drainage empty
2020-07-16T07:11:04.750000,Drainage empty
2020-07-16T07:11:04.762000,Drainage empty
2020-07-16T07:11:05.320000,Drainage empty
2020-07-16T07:11:14.566000,Drainage empty
2020-07-16T07:11:16.468000,Drainage empty
2020-07-16T07:11:16.466000,Drainage empty
2020-07-16T07:11:16.464000,Drainage empty
2020-07-16T07:11:22.117000,Drainage empty
2020-07-16T07:11:22.125000,Drainage empty
2020-07-16T07:11:22.128000,Drainage empty
2020-07-16T07:11:22.123000,Drainage empty
2020-07-16T07:11:22.156000,Drainage empty
2020-07-16T07:11:22.157000,Drainage empty
2020-07-16T07:11:22.157000,Drainage empty
2020-07-16T07:11:23.911000,Drainage emptï¿½
2020-07-16T07:11:38.830000,Drainage empty
2020-07-16T07:11:38.830000,Drainage empty
2020-07-16T07:11:38.974000,Drainage empty
2020-07-16T07:11:39.859000,Drainage empty
2020-07-16T07:11:40.948000,Drainage empty
2020-07-16T07:11:41.433000,Drainage empty
2020-07-16T07:11:42.524000,Drainage empty
2020-07-16T07:11:42.861000,Drainage empty
2020-07-16T07:11:43.780000,Drainage empty
2020-07-16T07:11:45.029000,Drainage empty
2020-07-16T07:11:45.771000,Drainage empty
2020-07-16T07:11:46.751000,Drainage empty
2020-07-16T07:11:47.996000,Drainage empty
2020-07-16T07:11:48.087000,Drainage empty
2020-07-16T07:11:48.789000,Drainage empty
2020-07-16T07:11:50.298000,Drainage empty
2020-07-16T07:11:52.299000,Drainage empty
2020-07-16T07:11:52.410000,Drainage empty
2020-07-16T07:11:52.412000,Drainage empty
2020-07-16T07:11:53.873000,Drainage empty
2020-07-16T07:11:53.979000,Drainage empty
2020-07-16T07:11:54.195000,Drainage empty
2020-07-16T07:11:55.649000,Drainage empty
2020-07-16T07:11:55.649000,Drainage empty
2020-07-16T07:11:56.795000,Drainage empty
2020-07-16T07:11:57.724000,Drainage empty
2020-07-16T07:11:58.320000,Drainage empty
2020-07-16T07:11:58.824000,Drainage empty
2020-07-16T07:11:59.604000,Drainage empty
2020-07-16T07:12:00.365000,Drainage empty
2020-07-16T07:12:01.784000,Drainage empty
2020-07-16T07:12:01.994000,Drainage empty
2020-07-16T07:12:03.255000,Drainage empty
2020-07-16T07:12:03.490000,Drainage empty
2020-07-16T07:12:04.424000,Drainage empty
2020-07-16T07:12:05.279000,Drainage empty
2020-07-16T07:12:06.174000,Drainage empty
2020-07-16T07:12:06.780000,Drainage empty
2020-07-16T07:12:07.704000,Drainage empty
2020-07-16T07:12:08.910000,Drainage empty
2020-07-16T07:12:09.772000,Drainage empty
2020-07-16T07:12:10.100000,Drainage empty
2020-07-16T07:12:11.338000,Drainage empty
2020-07-16T07:12:11.733000,Drainage empty
2020-07-16T07:12:13.188000,Drainage empty
2020-07-16T07:12:13.752000,Drainage empty
2020-07-16T07:12:14.697000,Drainage empty
2020-07-16T07:12:15.419000,Drainage empty
2020-07-16T07:12:16.913000,Drainage empty
2020-07-16T07:12:17.545000,Drainage empty
2020-07-16T07:12:17.540000,Drainage halffilled
2020-07-16T07:12:19.599000,Drainage Overflow
2020-07-16T07:12:19.600000,Drainage Overflow
2020-07-16T07:12:21.221000,Drainage Overflow
2020-07-16T07:12:22.657000,Drainage Overflow
2020-07-16T07:12:22.662000,Drainage Overflow
2020-07-16T07:12:22.668000,Drainage Overflow
2020-07-16T07:12:22.830000,Drainage Overflow
2020-07-16T07:12:23.240000,Drainage Overflow
2020-07-16T07:12:24.117000,Drainage Overflow
2020-07-16T07:12:24.646000,Drainage Overflow
2020-07-16T07:12:25.630000,Drainage Overflow
2020-07-16T07:12:26.182000,Drainage Overflow
2020-07-16T07:12:26.631000,Drainage Overflow
2020-07-16T07:12:27.566000,Drainage Overflow
2020-07-16T07:12:28.330000,Drainage Overflow
2020-07-16T07:12:28.739000,Drainage Overflow
2020-07-16T07:12:29.705000,Drainage Overflow
2020-07-16T07:12:30.415000,Drainage Overflow
2020-07-16T07:12:30.800000,Drainage Overflow
2020-07-16T07:12:32.035000,Drainage Overflow
2020-07-16T07:12:32.360000,Drainage Overflow
2020-07-16T07:12:33.973000,Drainage Overflow
2020-07-16T07:12:42.064000,Drainage Overflow
2020-07-16T07:12:42.065000,Drainage Overflow
2020-07-16T07:12:42.060000,Drainage Overflow
2020-07-16T07:12:42.078000,Drainage Overflow
2020-07-16T07:12:42.078000,Drainage Overflow
2020-07-16T07:12:42.075000,Drainage Overflow
2020-07-16T07:12:42.193000,Drainage Overflow
2020-07-16T07:12:42.198000,Drainage Overflow
2020-07-16T07:12:42.198000,Drainage Overflow
2020-07-16T07:12:42.197000,Drainage Overflow
2020-07-16T07:12:43.483000,Drainage Overflow
2020-07-16T07:12:43.485000,Drainage Overflow
2020-07-16T07:12:43.496000,Drainage Overflow
2020-07-16T07:12:43.523000,Drainage Overflow
2020-07-16T07:12:43.682000,Drainage Overflow
2020-07-16T07:12:45.360000,Drainage Overflow
2020-07-16T07:12:45.369000,Drainage Overflow
2020-07-16T07:12:46.445000,Drainage Overflow
2020-07-16T07:12:46.444000,Drainage Overflow
2020-07-16T07:12:46.986000,Drainage Overflow
2020-07-16T07:12:47.982000,Drainage Overflow
2020-07-16T07:12:48.427000,Drainage Overflow
2020-07-16T07:12:49.193000,Drainage Overflow
2020-07-16T07:12:50.408000,Drainage Overflow
2020-07-16T07:12:50.555000,Drainage Overflow
2020-07-16T07:12:51.397000,Drainage Overflow
2020-07-16T07:12:51.995000,Drainage Overflow
2020-07-16T07:12:52.862000,Drainage Overflow
2020-07-16T07:12:53.405000,Drainage Overflow
2020-07-16T07:12:54.083000,Drainage Overflow
2020-07-16T07:12:54.849000,Drainage Overflow
2020-07-16T07:12:55.466000,Drainage Overflow
2020-07-16T07:13:17.728000,Drainage Overflow
2020-07-16T07:13:17.742000,Drainage Overflow
2020-07-16T07:13:17.748000,Drainage Overflow
2020-07-16T07:13:17.768000,Drainage Overflow
2020-07-16T07:13:17.781000,Drainage Overflow
2020-07-16T07:13:17.820000,Drainage Overflow
2020-07-16T07:13:18.001000,Drainage Overflow
2020-07-16T07:13:18.975000,Drainage Overflow
2020-07-16T07:13:18.982000,Drainage Overflow
2020-07-16T07:13:18.981000,Drainage Overflow
2020-07-16T07:13:19.041000,Drainage Overflow
2020-07-16T07:13:19.042000,Drainage Overflow
2020-07-16T07:13:19.038000,Drainage Overflow
2020-07-16T07:13:19.085000,Drainage Overflow
2020-07-16T07:13:19.099000,Drainage Overflow
2020-07-16T07:13:19.133000,Drainage Overflow
2020-07-16T07:13:19.120000,Drainage Overflow
2020-07-16T07:13:19.161000,Drainage Overflow
2020-07-16T07:13:19.165000,Drainage Overflow
2020-07-16T07:13:19.147000,Drainage Overflow
2020-07-16T07:13:19.195000,Drainage Overflow
2020-07-16T07:13:19.212000,Drainage Overflow
2020-07-16T07:13:19.212000,Drainage Overflow
2020-07-16T07:13:19.392000,Drainage Overflow
2020-07-16T07:13:19.376000,Drainage Overflow
2020-07-16T07:13:19.393000,Drainage Overflow
2020-07-16T07:13:20.226000,Drainage Overflow
2020-07-16T07:13:29.904000,Drainage halffilled
2020-07-16T07:13:30.626000,Drainage halffilled
2020-07-16T07:13:32.032000,Drainage halffilled
2020-07-16T07:13:32.081000,Drainage halffilled
2020-07-16T07:13:32.530000,Drainage halffilled
2020-07-16T07:13:33.599000,Drainage Overflow
2020-07-16T07:13:34.552000,Drainage empty
2020-07-16T07:13:34.934000,Drainage empty
2020-07-16T07:13:35.770000,Drainage Overflow
2020-07-16T07:13:36.489000,Drainage empty
2020-07-16T07:13:38.051000,Drainage empty
2020-07-16T07:13:38.144000,Drainage empty
2020-07-16T07:13:38.710000,Drainage empty
2020-07-16T07:13:39.785000,Drainage halffilled
2020-07-16T07:13:40.357000,Drainage halffilled
2020-07-16T07:13:40.775000,Drainage Overflow
2020-07-16T07:13:41.419000,Drainage empty
2020-07-16T07:13:42.707000,Drainage empty
2020-07-16T07:13:43.664000,Drainage halffilled
2020-07-16T07:13:44.942000,Drainage halffilled
2020-07-16T07:13:45.910000,Drainage halffilled
2020-07-16T07:13:46.423000,Drainage halffilled
2020-07-16T07:13:46.873000,Drainage Overflow
2020-07-16T07:13:47.836000,Drainage Overflow
2020-07-16T07:13:48.767000,Drainage Overflow
2020-07-16T07:13:49.101000,Drainage Overflow
2020-07-16T07:13:49.840000,Drainage Overflow
2020-07-16T07:13:50.444000,Drainage Overflow
2020-07-16T07:13:51.566000,Drainage halffilled
2020-07-16T07:13:52.016000,Drainage halffilled
2020-07-16T07:13:52.825000,Drainage halffilled
2020-07-16T07:13:53.199000,Drainage halffilled
2020-07-16T07:13:54.331000,Drainage halffilled
2020-07-16T07:13:55.390000,Drainage halffilled
2020-07-16T07:13:55.712000,Drainage halffilled
2020-07-16T07:13:56.303000,Drainage halffilled
2020-07-16T07:13:57.466000,Drainage halffilled
2020-07-16T07:13:58.842000,Drainage halffilled
2020-07-16T07:13:58.934000,Drainage halffilled
2020-07-16T07:14:00.638000,Drainage Overflow
2020-07-16T07:14:02.751000,Drainage halffilled
2020-07-16T07:14:03.209000,Drainage Overflow
2020-07-16T07:14:03.957000,Drainage Overflow
2020-07-16T07:14:04.518000,Drainage Overflow
2020-07-16T07:14:05.221000,Drainage Overflow
2020-07-16T07:14:05.981000,Drainage empty
2020-07-16T07:14:06.864000,Drainage halffilled
2020-07-16T07:14:07.267000,Drainage halffilled
2020-07-16T07:14:07.971000,Drainage halffilled
2020-07-16T07:14:08.700000,Drainage halffilled
2020-07-16T07:14:09.832000,Drainage halffilled
2020-07-16T07:14:10.201000,Drainage halffilled
2020-07-16T07:14:10.722000,Drainage halffilled
2020-07-16T07:14:11.560000,Drainage Overflow
2020-07-16T07:14:12.176000,Drainage Overflow
2020-07-16T07:14:13.647000,Drainage empty
2020-07-16T07:14:13.811000,Drainage empty
2020-07-16T07:14:14.721000,Drainage empty
2020-07-16T07:14:16.130000,Drainage empty
2020-07-16T07:14:16.861000,Drainage empty
2020-07-16T07:14:18.058000,Drainage empty
2020-07-16T07:14:18.192000,Drainage empty
2020-07-16T07:14:18.823000,Drainage empty
2020-07-16T07:14:20.011000,Drainage empty
2020-07-16T07:14:20.561000,Drainage Overflow
2020-07-16T07:14:21.503000,Drainage Overflow
2020-07-16T07:14:22.031000,Drainage Overflow
2020-07-16T07:14:22.566000,Drainage Overflow
2020-07-16T07:14:23.387000,Drainage Overflow
2020-07-16T07:14:24.020000,Drainage Overflow
2020-07-16T07:14:24.501000,Drainage Overflow
2020-07-16T07:14:25.061000,Drainage Overflow
2020-07-16T07:14:25.862000,Drainage Overflow
2020-07-16T07:14:26.810000,Drainage Overflow
2020-07-16T07:14:27.617000,Drainage Overflow
2020-07-16T07:14:27.952000,Drainage Overflow
2020-07-16T07:14:29.439000,Drainage Overflow
2020-07-16T07:14:29.471000,Drainage Overflow
2020-07-16T07:14:29.997000,Drainage Overflow
2020-07-16T07:14:30.840000,Drainage Overflow
2020-07-16T07:14:31.696000,Drainage Overflow
2020-07-16T07:14:32.180000,Drainage Overflow
2020-07-16T07:14:33.121000,Drainage Overflow
2020-07-16T07:14:33.524000,Drainage Overflow
2020-07-16T07:14:34.589000,Drainage Overflow
2020-07-16T07:14:35.047000,Drainage Overflow
2020-07-16T07:14:35.967000,Drainage Overflow
2020-07-16T07:14:36.929000,Drainage Overflow
2020-07-16T07:14:37.272000,Drainage Overflow
2020-07-16T07:14:37.953000,Drainage Overflow
2020-07-16T07:14:38.921000,Drainage Overflow
2020-07-16T07:14:39.222000,Drainage empty
2020-07-16T07:14:39.842000,Drainage halffilled
2020-07-16T07:14:41.095000,Drainage Overflow
2020-07-16T07:14:41.736000,Drainage Overflow
2020-07-16T07:14:42.760000,Drainage halffilled
2020-07-16T07:14:43.541000,Drainage empty
2020-07-16T07:14:44.205000,Drainage empty
2020-07-16T07:14:44.990000,Drainage empty
2020-07-16T07:14:45.771000,Drainage halffilled
2020-07-16T07:14:46.298000,Drainage halffilled
2020-07-16T07:14:47.187000,Drainage halffilled
2020-07-16T07:14:47.632000,Drainage Overflow
2020-07-16T07:14:48.496000,Drainage Overflow
2020-07-16T07:14:49.084000,Drainage empty
2020-07-16T07:14:50.177000,Drainage halffilled
2020-07-16T07:14:50.592000,Drainage Overflow
2020-07-16T07:14:51.402000,Drainage empty
2020-07-16T07:14:51.910000,Drainage empty
2020-07-16T07:14:52.432000,Drainage halffilled
2020-07-16T07:14:53.325000,Drainage Overflow
2020-07-16T07:14:54.020000,Drainage halffilled
2020-07-16T07:14:55.280000,Drainage halffilled
2020-07-16T07:14:55.640000,Drainage halffilled
2020-07-16T07:14:56.032000,Drainage Overflow
2020-07-16T07:14:56.911000,Drainage Overflow
2020-07-16T07:14:57.823000,Drainage Overflow
2020-07-16T07:14:58.256000,Drainage Overflow
2020-07-16T07:14:58.835000,Drainage Overflow
2020-07-16T07:14:59.781000,Drainage Overflow
2020-07-16T07:15:00.337000,Drainage Overflow
2020-07-16T07:15:01.040000,Drainage Overflow
2020-07-16T07:15:02.104000,Drainage Overflow
2020-07-16T07:15:03.528000,Drainage Overflow
2020-07-16T07:15:03.617000,Drainage Overflow
2020-07-16T07:15:46.858000,Drainage Overflow
2020-07-16T07:15:46.864000,Drainage Overflow
2020-07-16T07:15:47.631000,Drainage Overflow
2020-07-16T07:15:48.912000,Drainage Overflow
2020-07-16T07:15:49.560000,Drainage Overflow
2020-07-16T07:15:50.813000,Drainage halffilled
2020-07-16T07:15:50.896000,Drainage halffilled
2020-07-16T07:15:50.895000,Drainage halffilled
2020-07-16T07:15:52.588000,Drainage halffilled
2020-07-16T07:15:52.594000,Drainage halffilled
2020-07-16T07:15:53.961000,Drainage halffilled
2020-07-16T07:15:53.961000,Drainage halffilled
2020-07-16T07:15:55.301000,Drainage halffilled
2020-07-16T07:15:55.297000,Drainage halffilled
2020-07-16T07:15:55.770000,Drainage halffilled
2020-07-16T07:15:56.476000,Drainage halffilled
2020-07-16T07:15:56.988000,Drainage halffilled
2020-07-16T07:15:57.862000,Drainage halffilled
2020-07-16T07:15:58.670000,Drainage halffilled
2020-07-16T07:15:59.311000,Drainage halffilled
2020-07-16T07:16:00.243000,Drainage halffilled
2020-07-16T07:16:00.588000,Drainage halffilled
2020-07-16T07:16:01.223000,Drainage halffilled
2020-07-16T07:16:02.189000,Drainage halffilled
2020-07-16T07:16:02.818000,Drainage halffilled
2020-07-16T07:16:03.846000,Drainage halffilled
2020-07-16T07:16:04.098000,Drainage halffilled
2020-07-16T07:16:04.738000,Drainage halffilled
2020-07-16T07:16:05.930000,Drainage halffilled
2020-07-16T07:16:06.391000,Drainage halffilled
2020-07-16T07:16:06.983000,Drainage halffilled
2020-07-16T07:16:07.699000,Drainage halffilled
2020-07-16T07:16:08.232000,Drainage halffilled
2020-07-16T07:16:09.550000,Drainage halffilled
2020-07-16T07:16:09.653000,Drainage halffilled
2020-07-16T07:16:10.430000,Drainage halffilled
2020-07-16T07:16:11.638000,Drainage halffilled
2020-07-16T07:16:11.778000,Drainage halffilled
2020-07-16T07:16:13.395000,Drainage halffilled
2020-07-16T07:16:13.500000,Drainage halffilled
2020-07-16T07:16:13.908000,Drainage halffilled
2020-07-16T07:16:14.498000,Drainage halffilled
2020-07-16T07:16:15.549000,Drainage halffilled
2020-07-16T07:16:16.043000,Drainage halffilled
2020-07-16T07:16:16.743000,Drainage halffilled
2020-07-16T07:16:17.549000,Drainage halffilled
2020-07-16T07:16:18.585000,Drainage halffilled
2020-07-16T07:16:18.826000,Drainage halffilled
2020-07-16T07:16:19.457000,Drainage halffilled
2020-07-16T07:16:20.183000,Drainage halffilled
2020-07-16T07:16:21.103000,Drainage halffilled
2020-07-16T07:16:21.714000,Drainage halffilled
2020-07-16T07:16:22.338000,Drainage halffilled
2020-07-16T07:16:22.982000,Drainage halffilled
2020-07-16T07:16:23.831000,Drainage halffilled
2020-07-16T07:16:24.716000,Drainage halffilled
2020-07-16T07:16:25.223000,Drainage halffilled
2020-07-16T07:16:25.862000,Drainage halffilled
2020-07-16T07:16:26.770000,Drainage halffilled
2020-07-16T07:16:27.268000,Drainage halffilled
2020-07-16T07:16:27.904000,Drainage halffilled
2020-07-16T07:16:29.111000,Drainage halffilled
2020-07-16T07:16:29.311000,Drainage halffilled
2020-07-16T07:16:30.385000,Drainage halffilled
2020-07-16T07:16:30.658000,Drainage halffilled
2020-07-16T07:16:31.657000,Drainage halffilled
2020-07-16T07:16:32.609000,Drainage halffilled
2020-07-16T07:16:32.908000,Drainage halffilled
2020-07-16T07:16:34.321000,Drainage halffilled
2020-07-16T07:16:34.389000,Drainage halffilled
2020-07-16T07:16:34.897000,Drainage halffilled
2020-07-16T07:16:35.632000,Drainage halffilled
2020-07-16T07:16:36.420000,Drainage halffilled
2020-07-16T07:16:37.057000,Drainage halffilled
2020-07-16T07:16:37.746000,Drainage halffilled
2020-07-16T07:16:38.418000,Drainage halffilled
2020-07-16T07:16:39.386000,Drainage halffilled
2020-07-16T07:16:39.938000,Drainage halffilled
2020-07-16T07:16:40.600000,Drainage halffilled
2020-07-16T07:16:41.858000,Drainage halffilled
2020-07-16T07:16:42.188000,Drainage halffilled
2020-07-16T07:16:42.506000,Drainage halffilled
2020-07-16T07:16:43.338000,Drainage halffilled
2020-07-16T07:16:44.103000,Drainage halffilled
2020-07-16T07:16:44.745000,Drainage halffilled
2020-07-16T07:16:45.702000,Drainage halffilled
2020-07-16T07:16:46.026000,Drainage halffilled
2020-07-16T07:16:47.528000,Drainage halffilled
2020-07-16T07:16:47.717000,Drainage halffilled
2020-07-16T07:16:48.223000,Drainage halffilled
2020-07-16T07:16:48.915000,Drainage halffilled
2020-07-16T07:16:50.195000,Drainage halffilled
2020-07-16T07:16:51.128000,Drainage halffilled
2020-07-16T07:16:51.573000,Drainage halffilled
2020-07-16T07:16:51.745000,Drainage halffilled
2020-07-16T07:16:53.389000,Drainage halffilled
2020-07-16T07:16:53.698000,Drainage halffilled
2020-07-16T07:16:53.899000,Drainage halffilled
2020-07-16T07:16:55.157000,Drainage halffilled
2020-07-16T07:16:55.206000,Drainage halffilled
2020-07-16T07:16:55.902000,Drainage halffilled
2020-07-16T07:16:56.907000,Drainage halffilled
2020-07-16T07:16:57.227000,Drainage halffilled
2020-07-16T07:16:58.172000,Drainage Overflow
2020-07-16T07:16:58.803000,Drainage Overflow
2020-07-16T07:16:59.536000,Drainage Overflow
2020-07-16T07:17:00.145000,Drainage Overflow
2020-07-16T07:17:01.057000,Drainage Overflow
2020-07-16T07:17:01.698000,Drainage Overflow
2020-07-16T07:17:02.338000,Drainage Overflow
2020-07-16T07:17:02.989000,Drainage Overflow
2020-07-16T07:17:03.946000,Drainage Overflow
2020-07-16T07:17:04.293000,Drainage Overflow
2020-07-16T07:17:05.219000,Drainage Overflow
2020-07-16T07:17:06.267000,Drainage Overflow
2020-07-16T07:17:06.496000,Drainage Overflow
2020-07-16T07:17:08.324000,Drainage Overflow
2020-07-16T07:17:08.404000,Drainage Overflow
2020-07-16T07:17:08.634000,Drainage Overflow
2020-07-16T07:17:09.361000,Drainage Overflow
2020-07-16T07:17:10.077000,Drainage Overflow
2020-07-16T07:17:10.687000,Drainage Overflow
2020-07-16T07:17:11.943000,Drainage Overflow
2020-07-16T07:17:12.109000,Drainage Overflow
2020-07-16T07:17:12.909000,Drainage Overflow
2020-07-16T07:17:14.146000,Drainage Overflow
2020-07-16T07:17:14.888000,Drainage Overflow
2020-07-16T07:17:15.978000,Drainage halffilled
2020-07-16T07:17:16.401000,Drainage halffilled
2020-07-16T07:17:17.046000,Drainage Overflow
2020-07-16T07:17:17.702000,Drainage Overflow
2020-07-16T07:17:18.531000,Drainage Overflow
2020-07-16T07:17:19.300000,Drainage Overflow
2020-07-16T07:17:21.044000,Drainage Overflow
2020-07-16T07:17:21.222000,Drainage Overflow
2020-07-16T07:17:21.875000,Drainage Overflow
2020-07-16T07:17:22.602000,Drainage Overflow
2020-07-16T07:17:23.578000,Drainage Overflow
2020-07-16T07:17:24.110000,Drainage Overflow
2020-07-16T07:17:24.749000,Drainage Overflow
2020-07-16T07:17:26.355000,Drainage Overflow
2020-07-16T07:17:27.093000,Drainage Overflow
2020-07-16T07:17:27.488000,Drainage Overflow
2020-07-16T07:17:28.315000,Drainage Overflow
2020-07-16T07:17:29.190000,Drainage Overflow
2020-07-16T07:22:22.362000,Drainage Overflow
2020-07-16T07:22:22.368000,Drainage Overflow
2020-07-16T07:22:22.368000,Drainage Overflow
2020-07-16T07:22:22.588000,Drainage Overflow
2020-07-16T07:22:22.582000,Drainage Overflow
2020-07-16T07:22:22.588000,Drainage Overflow
2020-07-16T07:22:22.890000,Drainage Overflow
2020-07-16T07:22:22.891000,Drainage Overflow
2020-07-16T07:22:22.886000,Drainage Overflow
2020-07-16T07:22:22.891000,Drainage Overflow
2020-07-16T07:22:23.122000,Drainage Overflow
2020-07-16T07:22:23.122000,Drainage Overflow
2020-07-16T07:22:23.117000,Drainage Overflow
2020-07-16T07:22:23.983000,Drainage Overflow
2020-07-16T07:22:24.243000,Drainage Overflow
2020-07-16T07:22:24.882000,Drainage Overflow
2020-07-16T07:22:25.522000,Drainage Overflow
2020-07-16T07:22:26.580000,Drainage Overflow
2020-07-16T07:22:26.878000,Drainage Overflow
2020-07-16T07:22:28.073000,Drainage Overflow
2020-07-16T07:22:28.407000,Drainage Overflow
2020-07-16T07:22:29.042000,Drainage Overflow
2020-07-16T07:22:29.683000,Drainage Overflow
2020-07-16T07:22:30.370000,Drainage Overflow
2020-07-16T07:22:31.277000,Drainage Overflow
2020-07-16T07:22:31.923000,Drainage Overflow
2020-07-16T07:22:32.556000,Drainage Overflow
2020-07-16T07:22:33.878000,Drainage Overflow
2020-07-16T07:22:34.169000,Drainage Overflow
2020-07-16T07:22:34.491000,Drainage Overflow
2020-07-16T07:22:35.985000,Drainage Overflow
2020-07-16T07:22:36.200000,Drainage Overflow
2020-07-16T07:22:36.723000,Drainage Overflow
2020-07-16T07:22:37.362000,Drainage Overflow
2020-07-16T07:22:38.299000,Drainage Overflow
2020-07-16T07:22:38.747000,Drainage Overflow
2020-07-16T07:22:39.848000,Drainage Overflow
2020-07-16T07:22:40.154000,Drainage Overflow
2020-07-16T07:22:41.338000,Drainage Overflow
2020-07-16T07:22:41.620000,Drainage Overflow
2020-07-16T07:22:42.320000,Drainage Overflow
2020-07-16T07:22:43.191000,Drainage Overflow
2020-07-16T07:22:44.808000,Drainage Overflow
2020-07-16T07:22:44.818000,Drainage Overflow
2020-07-16T07:22:45.355000,Drainage Overflow
2020-07-16T07:22:45.745000,Drainage Overflow
2020-07-16T07:22:46.465000,Drainage Overflow
2020-07-16T07:22:47.356000,Drainage Overflow
2020-07-16T07:22:47.859000,Drainage Overflow
2020-07-16T07:22:48.822000,Drainage Overflow
2020-07-16T07:22:49.196000,Drainage Overflow
2020-07-16T07:22:50.206000,Drainage Overflow
2020-07-16T07:22:50.799000,Drainage Overflow
2020-07-16T07:22:51.440000,Drainage Overflow
2020-07-16T07:22:52.281000,Drainage Overflow
2020-07-16T07:22:53.075000,Drainage Overflow
2020-07-16T07:22:53.385000,Drainage Overflow
2020-07-16T07:22:54.635000,Drainage Overflow
2020-07-16T07:22:54.970000,Drainage Overflow
2020-07-16T07:22:55.601000,Drainage Overflow
2020-07-16T07:22:56.770000,Drainage Overflow
2020-07-16T07:22:56.880000,Drainage Overflow
2020-07-16T07:22:57.684000,Drainage Overflow
2020-07-16T07:22:58.370000,Drainage Overflow
2020-07-16T07:22:59.121000,Drainage Overflow
2020-07-16T07:23:02.635000,Drainage Overflow
2020-07-16T07:23:04.247000,Drainage Overflow
2020-07-16T07:23:04.875000,Drainage Overflow
2020-07-16T07:23:05.594000,Drainage Overflow
2020-07-16T07:23:06.115000,Drainage Overflow
2020-07-16T07:23:08.210000,Drainage Overflow
2020-07-16T07:23:08.271000,Drainage Overflow
2020-07-16T07:23:09.042000,Drainage Overflow
2020-07-16T07:23:23.019000,Drainage Overflow
2020-07-16T07:23:23.028000,Drainage Overflow
2020-07-16T07:23:23.760000,Drainage Overflow
2020-07-16T07:23:24.346000,Drainage Overflow
2020-07-16T07:23:25.004000,Drainage Overflow
2020-07-16T07:23:38.436000,Drainage Overflow
2020-07-16T07:23:38.486000,Drainage halffilled
2020-07-16T07:23:38.482000,Drainage halffilled
2020-07-16T07:23:38.543000,Drainage Overflow
2020-07-16T07:23:38.556000,Drainage Overflow
2020-07-16T07:23:38.562000,Drainage Overflow
2020-07-16T07:23:38.818000,Drainage Overflow
2020-07-16T07:23:38.824000,Drainage Overflow
2020-07-16T07:23:39.089000,Drainage Overflow
2020-07-16T07:23:39.123000,Drainage Overflow
2020-07-16T07:23:39.120000,Drainage Overflow
2020-07-16T07:23:39.132000,Drainage Overflow
2020-07-16T07:23:38.532000,Drainage Overflow
2020-07-16T07:23:39.409000,Drainage Overflow
2020-07-16T07:23:39.403000,Drainage Overflow
2020-07-16T07:23:39.409000,Drainage Overflow
2020-07-16T07:23:39.479000,Drainage Overflow
2020-07-16T07:23:39.664000,Drainage Overflow
2020-07-16T07:23:39.658000,Drainage Overflow
2020-07-16T07:23:40.306000,Drainage Overflow
2020-07-16T07:23:41.065000,Drainage Overflow
2020-07-16T07:23:42.205000,Drainage Overflow
2020-07-16T07:23:42.642000,Drainage Overflow
2020-07-16T07:23:43.822000,Drainage Overflow
2020-07-16T07:23:43.949000,Drainage Overflow
2020-07-16T07:23:44.561000,Drainage Overflow
2020-07-16T07:23:45.225000,Drainage empty
2020-07-16T07:23:46.170000,Drainage empty
2020-07-16T07:23:47.212000,Drainage empty
2020-07-16T07:23:47.444000,Drainage Overflow
2020-07-16T07:23:48.081000,Drainage Overflow
2020-07-16T07:23:48.714000,Drainage Overflow
2020-07-16T07:23:49.832000,Drainage Overflow
2020-07-16T07:23:50.147000,Drainage halffilled
2020-07-16T07:23:51.196000,Drainage halffilled
2020-07-16T07:23:51.505000,Drainage halffilled
2020-07-16T07:23:52.240000,Drainage halffilled
2020-07-16T07:23:52.920000,Drainage halffilled
2020-07-16T07:23:53.619000,Drainage halffilled
2020-07-16T07:23:54.481000,Drainage halffilled
2020-07-16T07:23:55.125000,Drainage halffilled
2020-07-16T07:23:55.762000,Drainage halffilled
2020-07-16T07:23:57.041000,Drainage halffilled
2020-07-16T07:23:57.359000,Drainage halffilled
2020-07-16T07:23:57.863000,Drainage halffilled
2020-07-16T07:23:58.633000,Drainage halffilled
2020-07-16T07:23:59.280000,Drainage halffilled
2020-07-16T07:24:00.239000,Drainage halffilled
2020-07-16T07:24:00.575000,Drainage halffilled
2020-07-16T07:24:01.518000,Drainage halffilled
2020-07-16T07:24:02.185000,Drainage halffilled
2020-07-16T07:24:03.023000,Drainage halffilled
2020-07-16T07:24:03.439000,Drainage halffilled
2020-07-16T07:24:04.770000,Drainage halffilled
2020-07-16T07:24:05.066000,Drainage halffilled
2020-07-16T07:24:05.678000,Drainage halffilled
2020-07-16T07:24:06.330000,Drainage halffilled
2020-07-16T07:24:06.959000,Drainage halffilled
2020-07-16T07:24:08.348000,Drainage halffilled
2020-07-16T07:24:08.451000,Drainage halffilled
2020-07-16T07:24:09.194000,Drainage halffilled
2020-07-16T07:24:09.833000,Drainage halffilled
2020-07-16T07:24:10.711000,Drainage halffilled
2020-07-16T07:24:11.169000,Drainage Overflow
2020-07-16T07:24:12.102000,Drainage Overflow
2020-07-16T07:24:13.066000,Drainage Overflow
2020-07-16T07:24:13.368000,Drainage Overflow
2020-07-16T07:24:13.937000,Drainage empty
2020-07-16T07:24:14.703000,Drainage Overflow
2020-07-16T07:24:15.368000,Drainage halffilled
2020-07-16T07:24:16.058000,Drainage empty
2020-07-16T07:24:16.878000,Drainage Overflow
2020-07-16T07:24:17.519000,Drainage Overflow
2020-07-16T07:24:18.183000,Drainage halffilled
2020-07-16T07:24:19.113000,Drainage halffilled
2020-07-16T07:24:19.976000,Drainage Overflow
2020-07-16T07:24:20.405000,Drainage Overflow
2020-07-16T07:24:20.960000,Drainage halffilled
2020-07-16T07:24:22.346000,Drainage Overflow
2020-07-16T07:24:22.344000,Drainage Overflow
2020-07-16T07:24:23.788000,Drainage Overflow
2020-07-16T07:24:23.929000,Drainage Overflow
2020-07-16T07:24:24.589000,Drainage Overflow
2020-07-16T07:24:25.586000,Drainage Overflow
2020-07-16T07:24:26.168000,Drainage Overflow
2020-07-16T07:24:26.803000,Drainage Overflow
2020-07-16T07:24:27.408000,Drainage Overflow
2020-07-16T07:24:27.978000,Drainage Overflow
2020-07-16T07:24:28.744000,Drainage Overflow
2020-07-16T07:24:29.684000,Drainage Overflow
2020-07-16T07:24:30.352000,Drainage halffilled
2020-07-16T07:24:30.984000,Drainage halffilled
2020-07-16T07:24:35.782000,Drainage Overflow
2020-07-16T07:24:36.377000,Drainage Overflow
2020-07-16T07:24:37.368000,Drainage halffilled
2020-07-16T07:24:37.789000,Drainage Overflow
2020-07-16T07:24:38.732000,Drainage Overflow
2020-07-16T07:24:39.272000,Drainage Overflow
2020-07-16T07:24:39.919000,Drainage Overflow
2020-07-16T07:24:40.902000,Drainage halffilled
2020-07-16T07:24:41.518000,Drainage Overflow
2020-07-16T07:24:42.169000,Drainage Overflow
2020-07-16T07:24:42.799000,Drainage Overflow
2020-07-16T07:24:43.439000,Drainage Overflow
2020-07-16T07:24:44.568000,Drainage Overflow
2020-07-16T07:24:44.801000,Drainage Overflow
2020-07-16T07:24:45.488000,Drainage Overflow
2020-07-16T07:24:46.320000,Drainage Overflow
2020-07-16T07:24:46.968000,Drainage Overflow
2020-07-16T07:24:47.918000,Drainage Overflow
2020-07-16T07:24:48.233000,Drainage Overflow
2020-07-16T07:24:49.199000,Drainage Overflow
2020-07-16T07:24:50.479000,Drainage empty
2020-07-16T07:24:50.610000,Drainage empty
2020-07-16T07:24:51.108000,Drainage halffilled
2020-07-16T07:24:52.180000,Drainage Overflow
2020-07-16T07:24:52.718000,Drainage Overflow
2020-07-16T07:24:53.353000,Drainage Overflow
2020-07-16T07:24:54.049000,Drainage Overflow
2020-07-16T07:24:54.718000,Drainage Overflow
2020-07-16T07:24:55.668000,Drainage Overflow
2020-07-16T07:24:56.288000,Drainage Overflow
2020-07-16T07:24:56.873000,Drainage Overflow
2020-07-16T07:24:57.515000,Drainage Overflow
2020-07-16T07:24:58.163000,Drainage Overflow
2020-07-16T07:24:59.445000,Drainage Overflow
2020-07-16T07:24:59.753000,Drainage Overflow
2020-07-16T07:25:00.399000,Drainage Overflow
2020-07-16T07:25:04.047000,Drainage Overflow
2020-07-16T07:25:04.053000,Drainage Overflow
2020-07-16T07:25:04.240000,Drainage Overflow
2020-07-16T07:25:05.426000,Drainage Overflow
2020-07-16T07:25:05.561000,Drainage Overflow
2020-07-16T07:25:06.168000,Drainage Overflow
2020-07-16T07:25:07.141000,Drainage Overflow
2020-07-16T07:25:07.492000,Drainage Overflow
2020-07-16T07:25:08.409000,Drainage Overflow
2020-07-16T07:25:09.078000,Drainage empty
2020-07-16T07:25:09.678000,Drainage empty
2020-07-16T07:25:11.313000,Drainage Overflow
2020-07-16T07:25:11.347000,Drainage Overflow
2020-07-16T07:25:11.920000,Drainage Overflow
2020-07-16T07:25:12.559000,Drainage empty
2020-07-16T07:25:13.224000,Drainage empty
2020-07-16T07:25:14.165000,Drainage empty
2020-07-16T07:25:14.504000,Drainage empty
2020-07-16T07:25:15.433000,Drainage Overflow
2020-07-16T07:25:16.079000,Drainage Overflow
2020-07-16T07:25:16.706000,Drainage Overflow
2020-07-16T07:25:17.426000,Drainage Overflow
2020-07-16T07:25:18.340000,Drainage Overflow
2020-07-16T07:25:18.977000,Drainage Overflow
2020-07-16T07:25:19.490000,Drainage Overflow
2020-07-16T07:25:20.262000,Drainage Overflow
2020-07-16T07:25:21.199000,Drainage Overflow
2020-07-16T07:25:21.519000,Drainage Overflow
2020-07-16T07:25:22.482000,Drainage Overflow
2020-07-16T07:25:22.998000,Drainage Overflow
2020-07-16T07:25:23.798000,Drainage Overflow
2020-07-16T07:25:24.728000,Drainage Overflow
2020-07-16T07:25:26.464000,Drainage Overflow
2020-07-16T07:25:26.580000,Drainage Overflow
2020-07-16T07:25:26.833000,Drainage Overflow
2020-07-16T07:25:27.878000,Drainage Overflow
2020-07-16T07:25:27.989000,Drainage Overflow
2020-07-16T07:25:28.888000,Drainage Overflow
2020-07-16T07:25:29.320000,Drainage Overflow
2020-07-16T07:25:30.152000,Drainage Overflow
2020-07-16T07:25:30.798000,Drainage Overflow
2020-07-16T07:25:32.085000,Drainage empty
2020-07-16T07:25:32.398000,Drainage empty
2020-07-16T07:25:32.948000,Drainage empty
2020-07-16T07:25:33.951000,Drainage empty
2020-07-16T07:25:34.320000,Drainage empty
2020-07-16T07:25:35.235000,Drainage empty
2020-07-16T07:25:35.913000,Drainage empty
2020-07-16T07:25:36.584000,Drainage Overflow
2020-07-16T07:25:37.200000,Drainage Overflow
2020-07-16T07:25:37.844000,Drainage Overflow
2020-07-16T07:25:38.804000,Drainage Overflow
2020-07-16T07:25:39.124000,Drainage Overflow
2020-07-16T07:25:40.079000,Drainage halffilled
2020-07-16T07:25:40.729000,Drainage empty
2020-07-16T07:25:41.354000,Drainage halffilled
2020-07-16T07:25:42.002000,Drainage halffilled
2020-07-16T07:25:43.264000,Drainage empty
2020-07-16T07:25:43.279000,Drainage empty
2020-07-16T07:25:44.098000,Drainage empty
2020-07-16T07:25:44.768000,Drainage empty
2020-07-16T07:25:45.519000,Drainage empty
2020-07-16T07:25:46.969000,Drainage empty
2020-07-16T07:25:47.121000,Drainage empty
2020-07-16T07:25:47.758000,Drainage empty
2020-07-16T07:25:48.749000,Drainage empty
2020-07-16T07:25:49.040000,Drainage empty
2020-07-16T07:25:50.064000,Drainage empty
2020-07-16T07:25:50.345000,Drainage Overflow
2020-07-16T07:25:51.185000,Drainage Overflow
2020-07-16T07:25:52.894000,Drainage empty
2020-07-16T07:25:52.942000,Drainage empty
2020-07-16T07:25:53.329000,Drainage empty
2020-07-16T07:25:53.937000,Drainage Overflow
2020-07-16T07:25:54.806000,Drainage empty
2020-07-16T07:25:55.529000,Drainage empty
2020-07-16T07:25:56.078000,Drainage empty
2020-07-16T07:25:57.063000,Drainage empty
2020-07-16T07:25:57.458000,Drainage empty
2020-07-16T07:25:58.209000,Drainage empty
2020-07-16T07:25:58.908000,Drainage empty
2020-07-16T07:25:59.569000,Drainage empty
2020-07-16T07:26:00.552000,Drainage halffilled
2020-07-16T07:26:00.969000,Drainage Overflow
2020-07-16T07:26:01.960000,Drainage Overflow
2020-07-16T07:26:02.563000,Drainage Overflow
2020-07-16T07:26:03.122000,Drainage Overflow
2020-07-16T07:26:04.160000,Drainage halffilled
2020-07-16T07:26:04.409000,Drainage halffilled
2020-07-16T07:26:05.364000,Drainage halffilled
2020-07-16T07:26:06.032000,Drainage halffilled
2020-07-16T07:26:06.640000,Drainage halffilled
2020-07-16T07:26:07.802000,Drainage halffilled
2020-07-16T07:26:08.076000,Drainage halffilled
2020-07-16T07:26:09.487000,Drainage halffilled
2020-07-16T07:26:09.584000,Drainage halffilled
2020-07-16T07:26:10.154000,Drainage halffilled
2020-07-16T07:26:10.800000,Drainage halffilled
2020-07-16T07:26:11.759000,Drainage halffilled
2020-07-16T07:26:12.090000,Drainage halffilled
2020-07-16T07:26:17.886000,Drainage halffilled
2020-07-16T07:26:18.799000,Drainage halffilled
2020-07-16T07:26:21.353000,Drainage halffilled
2020-07-16T07:26:22.736000,Drainage empty
2020-07-16T07:26:22.791000,Drainage empty
2020-07-16T07:26:23.598000,Drainage empty
2020-07-16T07:26:24.912000,Drainage empty
2020-07-16T07:26:24.994000,Drainage empty
2020-07-16T07:26:25.864000,Drainage empty
2020-07-16T07:26:26.166000,Drainage empty
2020-07-16T07:26:27.119000,Drainage empty
2020-07-16T07:26:27.768000,Drainage empty
2020-07-16T07:26:28.617000,Drainage empty
2020-07-16T07:26:29.017000,Drainage empty
2020-07-16T07:26:30.008000,Drainage empty
2020-07-16T07:26:30.638000,Drainage halffilled
2020-07-16T07:26:31.145000,Drainage Overflow
2020-07-16T07:26:31.943000,Drainage Overflow
2020-07-16T07:26:32.558000,Drainage Overflow
2020-07-16T07:26:33.548000,Drainage Overflow
2020-07-16T07:26:34.575000,Drainage Overflow
2020-07-16T07:26:34.815000,Drainage empty
2020-07-16T07:26:35.450000,Drainage empty
2020-07-16T07:26:36.424000,Drainage empty
2020-07-16T07:26:37.064000,Drainage empty
2020-07-16T07:26:37.758000,Drainage empty
2020-07-16T07:26:38.189000,Drainage empty
2020-07-16T07:26:38.958000,Drainage empty
2020-07-16T07:26:39.593000,Drainage empty
2020-07-16T07:26:40.384000,Drainage empty
2020-07-16T07:26:41.108000,Drainage empty
2020-07-16T07:26:42.176000,Drainage empty
2020-07-16T07:26:42.438000,Drainage empty
2020-07-16T07:26:43.538000,Drainage empty
2020-07-16T07:26:43.815000,Drainage empty
2020-07-16T07:26:45.991000,Drainage empty
2020-07-16T07:26:46.763000,Drainage empty
2020-07-16T07:26:46.756000,Drainage empty
2020-07-16T07:26:46.876000,Drainage empty
2020-07-16T07:26:47.294000,Drainage empty
2020-07-16T07:26:47.989000,Drainage empty
2020-07-16T07:26:49.359000,Drainage empty
2020-07-16T07:26:49.474000,Drainage empty
2020-07-16T07:26:51.130000,Drainage empty
2020-07-16T07:26:51.124000,Drainage empty
2020-07-16T07:26:51.493000,Drainage empty
2020-07-16T07:26:52.185000,Drainage empty
2020-07-16T07:26:52.893000,Drainage empty
2020-07-16T07:26:53.615000,Drainage empty
2020-07-16T07:26:54.305000,Drainage empty
2020-07-16T07:26:55.451000,Drainage halffilled
2020-07-16T07:26:55.790000,Drainage halffilled
2020-07-16T07:26:57.160000,Drainage halffilled
2020-07-16T07:26:57.172000,Drainage halffilled
2020-07-16T07:26:57.820000,Drainage halffilled
2020-07-16T07:26:58.541000,Drainage halffilled
2020-07-16T07:26:59.248000,Drainage halffilled
2020-07-16T07:26:59.910000,Drainage halffilled
2020-07-16T07:27:00.647000,Drainage halffilled
2020-07-16T07:27:01.391000,Drainage halffilled
2020-07-16T07:27:02.078000,Drainage halffilled
2020-07-16T07:27:02.777000,Drainage Overflow
2020-07-16T07:27:03.423000,Drainage halffilled
2020-07-16T07:27:04.631000,Drainage empty
2020-07-16T07:27:05.243000,Drainage empty
2020-07-16T07:27:05.447000,Drainage empty
2020-07-16T07:27:06.588000,Drainage empty
2020-07-16T07:27:07.009000,Drainage empty
2020-07-16T07:27:07.933000,Drainage halffilled
2020-07-16T07:27:08.337000,Drainage Overflow
2020-07-16T07:27:09.057000,Drainage Overflow
2020-07-16T07:27:09.744000,Drainage Overflow
2020-07-16T07:27:10.463000,Drainage empty
2020-07-16T07:27:11.137000,Drainage empty
2020-07-16T07:27:11.824000,Drainage empty
2020-07-16T07:27:12.584000,Drainage empty
2020-07-16T07:27:13.258000,Drainage empty
2020-07-16T07:27:13.865000,Drainage empty
2020-07-16T07:27:14.664000,Drainage empty
2020-07-16T07:27:16.130000,Drainage empty
2020-07-16T07:27:16.146000,Drainage empty
2020-07-16T07:27:16.737000,Drainage halffilled
2020-07-16T07:27:17.967000,Drainage Overflow
2020-07-16T07:27:34.283000,Drainage Overflow
2020-07-16T07:27:34.290000,Drainage halffilled
2020-07-16T07:27:34.284000,Drainage empty
2020-07-16T07:27:34.344000,Drainage halffilled
2020-07-16T07:27:34.344000,Drainage halffilled
2020-07-16T07:27:34.343000,Drainage empty
2020-07-16T07:27:34.536000,Drainage halffilled
2020-07-16T07:27:34.536000,Drainage halffilled
2020-07-16T07:27:34.863000,Drainage halffilled
2020-07-16T07:27:34.864000,Drainage halffilled
2020-07-16T07:27:34.856000,Drainage empty
2020-07-16T07:27:35.106000,Drainage halffilled
2020-07-16T07:27:35.108000,Drainage halffilled
2020-07-16T07:27:35.107000,Drainage halffilled
2020-07-16T07:27:35.348000,Drainage empty
2020-07-16T07:27:35.349000,Drainage halffilled
2020-07-16T07:27:35.616000,Drainage halffilled
2020-07-16T07:27:35.622000,Drainage halffilled
2020-07-16T07:27:35.622000,Drainage halffilled
2020-07-16T07:27:35.896000,Drainage Overflow
2020-07-16T07:27:35.903000,Drainage halffilled
2020-07-16T07:27:36.933000,Drainage halffilled
2020-07-16T07:27:36.263000,Drainage empty
2020-07-16T07:27:37.502000,Drainage halffilled
2020-07-16T07:27:40.422000,Drainage halffilled
2020-07-16T07:27:42.656000,Drainage empty
2020-07-16T07:27:43.296000,Drainage halffilled
2020-07-16T07:27:43.804000,Drainage halffilled
2020-07-16T07:27:44.622000,Drainage halffilled
2020-07-16T07:27:45.223000,Drainage halffilled
2020-07-16T07:27:45.945000,Drainage Overflow
2020-07-16T07:27:46.623000,Drainage Overflow
2020-07-16T07:27:48.736000,Drainage halffilled
2020-07-16T07:27:50.151000,Drainage empty
2020-07-16T07:27:50.984000,Drainage empty
2020-07-16T07:27:51.877000,Drainage empty
2020-07-16T07:27:52.287000,Drainage empty
2020-07-16T07:27:53.231000,Drainage halffilled
2020-07-16T07:27:53.536000,Drainage empty
2020-07-16T07:27:56.749000,Drainage halffilled
2020-07-16T07:27:57.714000,Drainage halffilled
2020-07-16T07:27:58.023000,Drainage halffilled
2020-07-16T07:27:58.591000,Drainage halffilled
2020-07-16T07:27:59.571000,Drainage halffilled
2020-07-16T07:27:59.958000,Drainage halffilled
2020-07-16T07:28:01.002000,Drainage halffilled
2020-07-16T07:28:21.708000,Drainage halffilled
2020-07-16T07:28:21.715000,Drainage halffilled
2020-07-16T07:28:21.709000,Drainage halffilled
2020-07-16T07:28:21.714000,Drainage halffilled
2020-07-16T07:28:21.731000,Drainage halffilled
2020-07-16T07:28:21.726000,Drainage halffilled
2020-07-16T07:28:21.807000,Drainage halffilled
2020-07-16T07:28:21.825000,Drainage halffilled
2020-07-16T07:28:21.828000,Drainage halffilled
2020-07-16T07:28:22.049000,Drainage halffilled
2020-07-16T07:28:22.050000,Drainage halffilled
2020-07-16T07:28:22.043000,Drainage halffilled
2020-07-16T07:28:22.098000,Drainage halffilled
2020-07-16T07:28:22.333000,Drainage halffilled
2020-07-16T07:28:22.339000,Drainage halffilled
2020-07-16T07:28:22.336000,Drainage halffilled
2020-07-16T07:28:22.573000,Drainage halffilled
2020-07-16T07:28:22.572000,Drainage halffilled
2020-07-16T07:28:22.591000,Drainage halffilled
2020-07-16T07:28:22.976000,Drainage halffilled
2020-07-16T07:28:23.643000,Drainage halffilled
2020-07-16T07:28:24.607000,Drainage halffilled
2020-07-16T07:28:25.257000,Drainage halffilled
2020-07-16T07:28:25.877000,Drainage halffilled
2020-07-16T07:28:26.526000,Drainage halffilled
2020-07-16T07:28:27.598000,Drainage halffilled
2020-07-16T07:28:27.917000,Drainage halffilled
2020-07-16T07:28:28.777000,Drainage halffilled
2020-07-16T07:28:29.824000,Drainage halffilled
2020-07-16T07:28:30.046000,Drainage halffilled
2020-07-16T07:28:30.650000,Drainage halffilled
2020-07-16T07:28:31.390000,Drainage halffilled
2020-07-16T07:28:44.596000,Drainage halffilled
2020-07-16T07:28:44.604000,Drainage halffilled
2020-07-16T07:28:44.597000,Drainage halffilled
2020-07-16T07:28:44.647000,Drainage halffilled
2020-07-16T07:28:44.641000,Drainage halffilled
2020-07-16T07:28:44.647000,Drainage halffilled
2020-07-16T07:28:44.867000,Drainage halffilled
2020-07-16T07:28:44.860000,Drainage halffilled
2020-07-16T07:28:45.067000,Drainage halffilled
2020-07-16T07:28:45.068000,Drainage halffilled
2020-07-16T07:28:45.240000,Drainage halffilled
2020-07-16T07:28:45.240000,Drainage halffilled
2020-07-16T07:28:45.445000,Drainage halffilled
2020-07-16T07:28:45.447000,Drainage halffilled
2020-07-16T07:28:45.686000,Drainage halffilled
2020-07-16T07:28:45.680000,Drainage halffilled
2020-07-16T07:28:45.688000,Drainage halffilled
2020-07-16T07:28:46.306000,Drainage halffilled
2020-07-16T07:28:47.006000,Drainage halffilled
2020-07-16T07:28:48.389000,Drainage halffilled
2020-07-16T07:28:48.471000,Drainage halffilled
2020-07-16T07:28:49.047000,Drainage halffilled
2020-07-16T07:28:50.587000,Drainage halffilled
2020-07-16T07:28:50.701000,Drainage halffilled
2020-07-16T07:28:51.171000,Drainage halffilled
2020-07-16T07:28:52.128000,Drainage halffilled
2020-07-16T07:28:52.460000,Drainage halffilled
2020-07-16T07:28:53.302000,Drainage halffilled
2020-07-16T07:28:54.313000,Drainage halffilled
2020-07-16T07:28:54.713000,Drainage halffilled
2020-07-16T07:28:55.941000,Drainage halffilled
2020-07-16T07:28:56.329000,Drainage halffilled
2020-07-16T07:28:56.995000,Drainage halffilled
2020-07-16T07:28:57.482000,Drainage halffilled
2020-07-16T07:28:58.201000,Drainage halffilled
2020-07-16T07:28:59.112000,Drainage halffilled
2020-07-16T07:28:59.701000,Drainage halffilled
2020-07-16T07:29:00.441000,Drainage halffilled
2020-07-16T07:29:00.966000,Drainage halffilled
2020-07-16T07:29:02.189000,Drainage halffilled
2020-07-16T07:29:02.507000,Drainage halffilled
2020-07-16T07:29:03.405000,Drainage halffilled
2020-07-16T07:29:03.772000,Drainage halffilled
2020-07-16T07:29:04.585000,Drainage halffilled
2020-07-16T07:29:05.206000,Drainage halffilled
2020-07-16T07:29:06.124000,Drainage halffilled
2020-07-16T07:29:06.842000,Drainage halffilled
2020-07-16T07:29:07.291000,Drainage halffilled
2020-07-16T07:29:07.965000,Drainage halffilled
2020-07-16T07:29:09.210000,Drainage halffilled
2020-07-16T07:29:09.395000,Drainage halffilled
2020-07-16T07:29:10.365000,Drainage halffilled
2020-07-16T07:29:11.399000,Drainage halffilled
2020-07-16T07:29:11.641000,Drainage halffilled
2020-07-16T07:29:12.174000,Drainage halffilled
2020-07-16T07:29:12.931000,Drainage halffilled
2020-07-16T07:29:13.938000,Drainage halffilled
2020-07-16T07:29:15.032000,Drainage halffilled
2020-07-16T07:29:15.123000,Drainage halffilled
2020-07-16T07:29:15.857000,Drainage halffilled
2020-07-16T07:29:16.787000,Drainage halffilled
2020-07-16T07:29:17.152000,Drainage halffilled
2020-07-16T07:29:18.120000,Drainage halffilled
2020-07-16T07:29:18.668000,Drainage halffilled
2020-07-16T07:29:19.580000,Drainage halffilled
2020-07-16T07:29:20.963000,Drainage halffilled
2020-07-16T07:29:21.037000,Drainage halffilled
2020-07-16T07:29:21.368000,Drainage halffilled
2020-07-16T07:29:22.022000,Drainage halffilled
2020-07-16T07:29:23.222000,Drainage halffilled
2020-07-16T07:29:24.924000,Drainage halffilled
2020-07-16T07:29:25.045000,Drainage halffilled
2020-07-16T07:29:25.156000,Drainage halffilled
2020-07-16T07:29:25.642000,Drainage halffilled
2020-07-16T07:29:26.405000,Drainage halffilled
2020-07-16T07:29:26.940000,Drainage halffilled
2020-07-16T07:29:27.691000,Drainage halffilled
2020-07-16T07:29:28.642000,Drainage halffilled
2020-07-16T07:29:29.095000,Drainage halffilled
2020-07-16T07:29:30.037000,Drainage halffilled
2020-07-16T07:29:30.564000,Drainage halffilled
2020-07-16T07:29:31.225000,Drainage halffilled
2020-07-16T07:29:32.490000,Drainage halffilled
2020-07-16T07:29:32.486000,Drainage halffilled
2020-07-16T07:29:33.446000,Drainage halffilled
2020-07-16T07:29:33.984000,Drainage halffilled
2020-07-16T07:29:34.764000,Drainage halffilled
2020-07-16T07:29:35.868000,Drainage halffilled
2020-07-16T07:29:36.016000,Drainage halffilled
2020-07-16T07:29:37.007000,Drainage halffilled
2020-07-16T07:29:37.566000,Drainage halffilled
2020-07-16T07:29:38.252000,Drainage halffilled
2020-07-16T07:29:39.209000,Drainage halffilled
2020-07-16T07:29:39.647000,Drainage halffilled
2020-07-16T07:29:40.491000,Drainage halffilled
2020-07-16T07:29:41.144000,Drainage halffilled
2020-07-16T07:29:41.863000,Drainage halffilled
2020-07-16T07:29:42.643000,Drainage halffilled
2020-07-16T07:29:43.630000,Drainage halffilled
2020-07-16T07:29:43.937000,Drainage halffilled
2020-07-16T07:29:44.457000,Drainage halffilled
2020-07-16T07:29:45.166000,Drainage halffilled
2020-07-16T07:29:46.057000,Drainage halffilled
2020-07-16T07:29:46.809000,Drainage halffilled
2020-07-16T07:29:47.269000,Drainage halffilled
2020-07-16T07:29:48.086000,Drainage halffilled
2020-07-16T07:29:48.686000,Drainage halffilled
2020-07-16T07:29:49.386000,Drainage halffilled
2020-07-16T07:29:50.812000,Drainage halffilled
2020-07-16T07:29:50.922000,Drainage halffilled
2020-07-16T07:29:51.609000,Drainage halffilled
2020-07-16T07:29:52.262000,Drainage halffilled
2020-07-16T07:29:52.997000,Drainage halffilled
2020-07-16T07:29:52.998000,Drainage halffilled
2020-07-16T07:29:52.993000,Drainage halffilled
2020-07-16T07:29:53.010000,Drainage Overflow
2020-07-16T07:29:53.011000,Drainage halffilled
2020-07-16T07:29:53.025000,Drainage empty
2020-07-16T07:29:53.026000,Drainage halffilled
2020-07-16T07:29:53.025000,Drainage Overflow
2020-07-16T07:29:53.847000,Drainage Overflow
2020-07-16T07:29:54.067000,Drainage Overflow
2020-07-16T07:29:54.491000,Drainage empty
2020-07-16T07:29:54.702000,Drainage empty
2020-07-16T07:29:54.917000,Drainage halffilled
2020-07-16T07:29:54.917000,Drainage halffilled
2020-07-16T07:29:54.910000,Drainage empty
2020-07-16T07:29:55.136000,Drainage empty
2020-07-16T07:29:55.347000,Drainage halffilled
2020-07-16T07:29:55.348000,Drainage Overflow
2020-07-16T07:29:55.340000,Drainage halffilled
2020-07-16T07:29:55.341000,Drainage Overflow
2020-07-16T07:29:55.576000,Drainage halffilled
2020-07-16T07:29:55.581000,Drainage empty
2020-07-16T07:29:55.582000,Drainage empty
2020-07-16T07:29:55.576000,Drainage Overflow
2020-07-16T07:29:56.307000,Drainage empty
2020-07-16T07:29:56.766000,Drainage Overflow
2020-07-16T07:29:58.126000,Drainage empty
2020-07-16T07:29:58.300000,Drainage halffilled
2020-07-16T07:29:58.303000,Drainage halffilled
2020-07-16T07:29:58.296000,Drainage empty
2020-07-16T07:29:58.591000,Drainage halffilled
2020-07-16T07:29:58.590000,Drainage empty
2020-07-16T07:29:58.612000,Drainage Overflow
2020-07-16T07:29:58.888000,Drainage empty
2020-07-16T07:29:59.092000,Drainage Overflow
2020-07-16T07:29:59.092000,Drainage Overflow
2020-07-16T07:29:59.516000,Drainage empty
2020-07-16T07:29:59.733000,Drainage empty
2020-07-16T07:29:59.947000,Drainage halffilled
2020-07-16T07:29:59.947000,Drainage empty
2020-07-16T07:29:59.940000,Drainage halffilled
2020-07-16T07:30:00.318000,Drainage halffilled
2020-07-16T07:30:00.311000,Drainage Overflow
2020-07-16T07:30:00.311000,Drainage empty
2020-07-16T07:30:00.318000,Drainage Overflow
2020-07-16T07:30:00.319000,Drainage halffilled
2020-07-16T07:30:00.627000,Drainage Overflow
2020-07-16T07:30:00.627000,Drainage halffilled
2020-07-16T07:30:00.620000,Drainage empty
2020-07-16T07:30:00.984000,Drainage empty
2020-07-16T07:30:01.197000,Drainage Overflow
2020-07-16T07:30:01.197000,Drainage Overflow
2020-07-16T07:30:01.581000,Drainage halffilled
2020-07-16T07:30:02.185000,Drainage halffilled
2020-07-16T07:30:03.014000,Drainage halffilled
2020-07-16T07:30:03.702000,Drainage halffilled
2020-07-16T07:30:04.519000,Drainage halffilled
2020-07-16T07:30:05.457000,Drainage halffilled
2020-07-16T07:30:05.732000,Drainage halffilled
2020-07-16T07:30:06.697000,Drainage halffilled
2020-07-16T07:30:07.222000,Drainage halffilled
2020-07-16T07:30:07.997000,Drainage halffilled
2020-07-16T07:30:08.574000,Drainage halffilled
2020-07-16T07:30:09.293000,Drainage halffilled
2020-07-16T07:30:10.019000,Drainage halffilled
2020-07-16T07:30:10.777000,Drainage halffilled
2020-07-16T07:30:11.620000,Drainage halffilled
2020-07-16T07:30:12.190000,Drainage halffilled
2020-07-16T07:30:12.904000,Drainage halffilled
2020-07-16T07:30:13.810000,Drainage halffilled
2020-07-16T07:30:14.104000,Drainage halffilled
2020-07-16T07:30:14.933000,Drainage halffilled
2020-07-16T07:30:15.604000,Drainage halffilled
2020-07-16T07:30:16.321000,Drainage halffilled
2020-07-16T07:30:17.371000,Drainage halffilled
2020-07-16T07:30:17.616000,Drainage halffilled
2020-07-16T07:30:19.120000,Drainage halffilled
2020-07-16T07:30:19.258000,Drainage halffilled
2020-07-16T07:30:19.852000,Drainage halffilled
2020-07-16T07:30:20.575000,Drainage halffilled
2020-07-16T07:30:21.453000,Drainage halffilled
2020-07-16T07:30:22.093000,Drainage halffilled
2020-07-16T07:30:22.726000,Drainage halffilled
2020-07-16T07:30:23.527000,Drainage halffilled
2020-07-16T07:30:24.243000,Drainage halffilled
2020-07-16T07:30:25.307000,Drainage halffilled
2020-07-16T07:30:25.603000,Drainage halffilled
2020-07-16T07:30:26.131000,Drainage halffilled
2020-07-16T07:30:27.344000,Drainage halffilled
2020-07-16T07:30:27.952000,Drainage halffilled
2020-07-16T07:30:28.456000,Drainage halffilled
2020-07-16T07:30:29.431000,Drainage halffilled
2020-07-16T07:30:29.629000,Drainage halffilled
2020-07-16T07:30:30.325000,Drainage halffilled
2020-07-16T07:30:31.042000,Drainage halffilled
2020-07-16T07:30:32.377000,Drainage halffilled
2020-07-16T07:30:32.469000,Drainage halffilled
2020-07-16T07:30:33.155000,Drainage halffilled
2020-07-16T07:30:33.851000,Drainage halffilled
2020-07-16T07:30:34.962000,Drainage halffilled
2020-07-16T07:30:35.230000,Drainage halffilled
2020-07-16T07:30:35.933000,Drainage halffilled
2020-07-16T07:30:36.816000,Drainage halffilled
2020-07-16T07:30:38.641000,Drainage halffilled
2020-07-16T07:30:38.853000,Drainage halffilled
2020-07-16T07:30:38.859000,Drainage halffilled
2020-07-16T07:30:39.463000,Drainage halffilled
2020-07-16T07:30:40.251000,Drainage halffilled
2020-07-16T07:30:41.142000,Drainage halffilled
2020-07-16T07:30:41.771000,Drainage halffilled
2020-07-16T07:30:42.250000,Drainage halffilled
2020-07-16T07:30:43.191000,Drainage halffilled
2020-07-16T07:30:44.329000,Drainage halffilled
2020-07-16T07:30:44.471000,Drainage halffilled
2020-07-16T07:30:45.073000,Drainage halffilled
2020-07-16T07:30:46.123000,Drainage halffilled
2020-07-16T07:34:32.051000,Drainage halffilled
2020-07-16T07:34:32.054000,Drainage halffilled
2020-07-16T07:34:32.051000,Drainage halffilled
2020-07-16T07:34:32.341000,Drainage halffilled
2020-07-16T07:34:32.347000,Drainage halffilled
2020-07-16T07:34:32.343000,Drainage halffilled
2020-07-16T07:34:32.631000,Drainage halffilled
2020-07-16T07:34:32.635000,Drainage halffilled
2020-07-16T07:34:33.193000,Drainage halffilled
2020-07-16T07:34:33.195000,Drainage halffilled
2020-07-16T07:34:33.253000,Drainage halffilled
2020-07-16T07:34:33.259000,Drainage halffilled
2020-07-16T07:34:33.272000,Drainage halffilled
2020-07-16T07:34:33.915000,Drainage halffilled
2020-07-16T07:34:34.320000,Drainage halffilled
2020-07-16T07:34:35.192000,Drainage halffilled
2020-07-16T07:34:35.831000,Drainage halffilled
2020-07-16T07:34:36.485000,Drainage halffilled
2020-07-16T07:34:37.203000,Drainage halffilled
2020-07-16T07:34:38.081000,Drainage halffilled
2020-07-16T07:34:38.710000,Drainage halffilled
2020-07-16T07:34:39.349000,Drainage halffilled
2020-07-16T07:34:39.989000,Drainage halffilled
2020-07-16T07:34:40.951000,Drainage halffilled
2020-07-16T07:34:41.594000,Drainage halffilled
2020-07-16T07:34:42.233000,Drainage halffilled
2020-07-16T07:34:42.872000,Drainage halffilled
2020-07-16T07:34:43.513000,Drainage halffilled
2020-07-16T07:34:44.473000,Drainage halffilled
2020-07-16T07:34:44.954000,Drainage halffilled
2020-07-16T07:34:45.797000,Drainage halffilled
2020-07-16T07:34:46.393000,Drainage halffilled
2020-07-16T07:34:47.033000,Drainage halffilled
2020-07-16T07:34:47.723000,Drainage halffilled
2020-07-16T07:34:48.633000,Drainage halffilled
2020-07-16T07:34:49.273000,Drainage halffilled
2020-07-16T07:34:49.872000,Drainage halffilled
2020-07-16T07:34:50.575000,Drainage halffilled
2020-07-16T07:34:51.521000,Drainage halffilled
2020-07-16T07:34:51.985000,Drainage halffilled
2020-07-16T07:34:52.795000,Drainage halffilled
2020-07-16T07:34:53.440000,Drainage halffilled
2020-07-16T07:34:54.027000,Drainage halffilled
2020-07-16T07:34:55.840000,Drainage halffilled
2020-07-16T07:34:55.932000,Drainage halffilled
2020-07-16T07:34:56.201000,Drainage halffilled
2020-07-16T07:34:56.950000,Drainage halffilled
2020-07-16T07:34:58.220000,Drainage halffilled
2020-07-16T07:34:58.249000,Drainage halffilled
2020-07-16T07:34:58.960000,Drainage halffilled
2020-07-16T07:34:59.842000,Drainage halffilled
2020-07-16T07:35:00.469000,Drainage halffilled
2020-07-16T07:35:01.113000,Drainage halffilled
2020-07-16T07:35:01.754000,Drainage halffilled
2020-07-16T07:35:02.853000,Drainage halffilled
2020-07-16T07:35:03.164000,Drainage halffilled
2020-07-16T07:35:03.983000,Drainage halffilled
2020-07-16T07:35:04.633000,Drainage halffilled
2020-07-16T07:35:05.270000,Drainage halffilled
2020-07-16T07:35:06.233000,Drainage halffilled
2020-07-16T07:35:06.556000,Drainage halffilled
2020-07-16T07:35:07.509000,Drainage halffilled
2020-07-16T07:35:08.033000,Drainage halffilled
2020-07-16T07:35:09.098000,Drainage halffilled
2020-07-16T07:35:09.752000,Drainage halffilled
2020-07-16T07:35:10.706000,Drainage halffilled
2020-07-16T07:35:11.032000,Drainage halffilled
2020-07-16T07:35:11.560000,Drainage halffilled
2020-07-16T07:35:12.313000,Drainage halffilled
2020-07-16T07:35:12.962000,Drainage halffilled
2020-07-16T07:35:13.917000,Drainage halffilled
2020-07-16T07:35:14.813000,Drainage halffilled
2020-07-16T07:35:15.121000,Drainage halffilled
2020-07-16T07:35:15.907000,Drainage halffilled
2020-07-16T07:35:16.695000,Drainage halffilled
2020-07-16T07:35:17.437000,Drainage halffilled
2020-07-16T07:35:17.869000,Drainage halffilled
2020-07-16T07:35:19.080000,Drainage halffilled
2020-07-16T07:35:19.229000,Drainage halffilled
2020-07-16T07:35:20.041000,Drainage halffilled
2020-07-16T07:35:20.962000,Drainage halffilled
2020-07-16T07:35:21.280000,Drainage halffilled
2020-07-16T07:35:22.230000,Drainage halffilled
2020-07-16T07:35:22.864000,Drainage halffilled
2020-07-16T07:35:23.521000,Drainage halffilled
2020-07-16T07:35:24.179000,Drainage halffilled
2020-07-16T07:35:24.871000,Drainage halffilled
2020-07-16T07:35:26.023000,Drainage halffilled
2020-07-16T07:35:26.273000,Drainage halffilled
2020-07-16T07:35:27.043000,Drainage halffilled
2020-07-16T07:35:27.681000,Drainage halffilled
2020-07-16T07:35:28.386000,Drainage halffilled
2020-07-16T07:35:29.080000,Drainage halffilled
2020-07-16T07:35:29.963000,Drainage halffilled
2020-07-16T07:35:30.513000,Drainage halffilled
2020-07-16T07:35:31.512000,Drainage halffilled
2020-07-16T07:35:32.105000,Drainage halffilled
2020-07-16T07:35:32.789000,Drainage halffilled
2020-07-16T07:35:33.386000,Drainage halffilled
2020-07-16T07:35:34.025000,Drainage halffilled
2020-07-16T07:35:34.720000,Drainage halffilled
2020-07-16T07:35:35.697000,Drainage halffilled
2020-07-16T07:35:36.021000,Drainage halffilled
2020-07-16T07:35:37.459000,Drainage halffilled
2020-07-16T07:35:37.594000,Drainage halffilled
2020-07-16T07:35:38.231000,Drainage halffilled
2020-07-16T07:35:39.110000,Drainage halffilled
2020-07-16T07:35:39.820000,Drainage halffilled
2020-07-16T07:35:40.473000,Drainage halffilled
2020-07-16T07:35:40.982000,Drainage halffilled
2020-07-16T07:35:41.791000,Drainage halffilled
2020-07-16T07:35:42.706000,Drainage halffilled
2020-07-16T07:35:43.153000,Drainage halffilled
2020-07-16T07:35:43.988000,Drainage halffilled
2020-07-16T07:35:44.663000,Drainage halffilled
2020-07-16T07:35:45.273000,Drainage halffilled
2020-07-16T07:35:45.903000,Drainage halffilled
2020-07-16T07:35:46.997000,Drainage halffilled
2020-07-16T07:35:47.433000,Drainage halffilled
2020-07-16T07:35:48.154000,Drainage halffilled
2020-07-16T07:35:48.784000,Drainage halffilled
2020-07-16T07:35:49.748000,Drainage halffilled
2020-07-16T07:35:50.708000,Drainage halffilled
2020-07-16T07:35:51.035000,Drainage halffilled
2020-07-16T07:35:51.678000,Drainage halffilled
2020-07-16T07:35:52.309000,Drainage halffilled
2020-07-16T07:35:52.951000,Drainage halffilled
2020-07-16T07:35:53.910000,Drainage halffilled
2020-07-16T07:35:54.549000,Drainage halffilled
2020-07-16T07:35:55.073000,Drainage halffilled
2020-07-16T07:35:55.750000,Drainage halffilled
2020-07-16T07:35:56.430000,Drainage halffilled
2020-07-16T07:35:57.433000,Drainage halffilled
2020-07-16T07:35:58.248000,Drainage halffilled
2020-07-16T07:35:58.631000,Drainage halffilled
2020-07-16T07:35:59.676000,Drainage halffilled
2020-07-16T07:35:59.997000,Drainage halffilled
2020-07-16T07:36:00.750000,Drainage halffilled
2020-07-16T07:36:01.363000,Drainage halffilled
2020-07-16T07:36:02.233000,Drainage halffilled
2020-07-16T07:36:02.747000,Drainage halffilled
2020-07-16T07:36:03.470000,Drainage halffilled
2020-07-16T07:36:04.151000,Drainage halffilled
2020-07-16T07:36:05.323000,Drainage halffilled
2020-07-16T07:36:05.552000,Drainage halffilled
2020-07-16T07:36:06.383000,Drainage halffilled
2020-07-16T07:36:07.023000,Drainage halffilled
2020-07-16T07:36:07.983000,Drainage halffilled
2020-07-16T07:36:08.312000,Drainage halffilled
2020-07-16T07:36:09.086000,Drainage halffilled
2020-07-16T07:36:09.790000,Drainage halffilled
2020-07-16T07:36:10.510000,Drainage halffilled
2020-07-16T07:36:11.184000,Drainage halffilled
2020-07-16T07:36:11.919000,Drainage halffilled
2020-07-16T07:36:13.260000,Drainage halffilled
2020-07-16T07:36:13.430000,Drainage halffilled
2020-07-16T07:36:14.062000,Drainage halffilled
2020-07-16T07:36:14.700000,Drainage halffilled
2020-07-16T07:36:15.430000,Drainage halffilled
2020-07-16T07:36:16.314000,Drainage halffilled
2020-07-16T07:36:17.197000,Drainage halffilled
2020-07-16T07:36:17.470000,Drainage halffilled
2020-07-16T07:36:18.554000,Drainage halffilled
2020-07-16T07:36:19.180000,Drainage halffilled
2020-07-16T07:36:19.606000,Drainage halffilled
2020-07-16T07:36:20.471000,Drainage halffilled
2020-07-16T07:36:21.503000,Drainage halffilled
2020-07-16T07:36:21.713000,Drainage halffilled
2020-07-16T07:36:22.715000,Drainage halffilled
2020-07-16T07:36:23.043000,Drainage halffilled
2020-07-16T07:36:23.982000,Drainage halffilled
2020-07-16T07:36:24.632000,Drainage halffilled
2020-07-16T07:36:25.263000,Drainage halffilled
2020-07-16T07:36:26.101000,Drainage halffilled
2020-07-16T07:36:26.873000,Drainage halffilled
2020-07-16T07:36:27.503000,Drainage halffilled
2020-07-16T07:36:28.448000,Drainage halffilled
2020-07-16T07:36:28.709000,Drainage halffilled
2020-07-16T07:36:29.421000,Drainage halffilled
2020-07-16T07:36:30.107000,Drainage halffilled
2020-07-16T07:36:30.837000,Drainage halffilled
2020-07-16T07:36:31.510000,Drainage halffilled
2020-07-16T07:36:32.405000,Drainage halffilled
2020-07-16T07:36:32.959000,Drainage halffilled
2020-07-16T07:36:34.074000,Drainage halffilled
2020-07-16T07:36:34.249000,Drainage halffilled
2020-07-16T07:36:35.064000,Drainage halffilled
2020-07-16T07:36:35.832000,Drainage halffilled
2020-07-16T07:36:36.430000,Drainage halffilled
2020-07-16T07:36:38.013000,Drainage halffilled
2020-07-16T07:36:38.023000,Drainage halffilled
2020-07-16T07:36:38.700000,Drainage halffilled
2020-07-16T07:36:39.840000,Drainage halffilled
2020-07-16T07:36:39.998000,Drainage halffilled
2020-07-16T07:36:40.967000,Drainage halffilled
2020-07-16T07:36:41.303000,Drainage halffilled
2020-07-16T07:36:42.564000,Drainage halffilled
2020-07-16T07:36:42.784000,Drainage halffilled
2020-07-16T07:36:43.503000,Drainage halffilled
2020-07-16T07:36:44.206000,Drainage halffilled
2020-07-16T07:36:45.072000,Drainage halffilled
2020-07-16T07:36:45.680000,Drainage halffilled
2020-07-16T07:36:46.876000,Drainage halffilled
2020-07-16T07:36:47.023000,Drainage halffilled
2020-07-16T07:36:47.993000,Drainage halffilled
2020-07-16T07:36:48.301000,Drainage halffilled
2020-07-16T07:36:51.301000,Drainage halffilled
2020-07-16T07:36:51.344000,Drainage halffilled
2020-07-16T07:36:51.351000,Drainage halffilled
2020-07-16T07:36:51.517000,Drainage halffilled
2020-07-16T07:36:51.943000,Drainage halffilled
2020-07-16T07:36:53.433000,Drainage empty
2020-07-16T07:36:54.070000,Drainage empty
2020-07-16T07:36:54.770000,Drainage empty
2020-07-16T07:36:55.674000,Drainage Overflow
2020-07-16T07:36:56.103000,Drainage Overflow
2020-07-16T07:36:56.873000,Drainage Overflow
2020-07-16T07:36:57.469000,Drainage Overflow
2020-07-16T07:36:58.230000,Drainage Overflow
2020-07-16T07:36:58.893000,Drainage Overflow
2020-07-16T07:36:59.703000,Drainage Overflow
2020-07-16T07:37:00.308000,Drainage Overflow
2020-07-16T07:37:01.068000,Drainage Overflow
2020-07-16T07:37:01.670000,Drainage Overflow
2020-07-16T07:37:02.701000,Drainage Overflow
2020-07-16T07:37:03.663000,Drainage Overflow
2020-07-16T07:37:04.099000,Drainage Overflow
2020-07-16T07:37:04.621000,Drainage Overflow
2020-07-16T07:37:05.273000,Drainage Overflow
2020-07-16T07:37:05.914000,Drainage Overflow
2020-07-16T07:37:06.592000,Drainage empty
2020-07-16T07:37:07.988000,Drainage empty
2020-07-16T07:37:08.143000,Drainage empty
2020-07-16T07:37:08.783000,Drainage empty
2020-07-16T07:37:10.001000,Drainage Overflow
2020-07-16T07:37:10.187000,Drainage Overflow
2020-07-16T07:37:11.021000,Drainage Overflow
2020-07-16T07:37:11.470000,Drainage Overflow
2020-07-16T07:37:12.313000,Drainage Overflow
2020-07-16T07:37:12.964000,Drainage Overflow
2020-07-16T07:37:13.598000,Drainage empty
2020-07-16T07:37:14.861000,Drainage empty
2020-07-16T07:37:15.081000,Drainage Overflow
2020-07-16T07:37:15.835000,Drainage Overflow
2020-07-16T07:37:16.803000,Drainage Overflow
2020-07-16T07:37:17.113000,Drainage Overflow
2020-07-16T07:37:18.397000,Drainage Overflow
2020-07-16T07:37:18.602000,Drainage Overflow
2020-07-16T07:37:19.543000,Drainage Overflow
2020-07-16T07:37:20.084000,Drainage Overflow
2020-07-16T07:37:20.952000,Drainage Overflow
2020-07-16T07:37:21.612000,Drainage Overflow
2020-07-16T07:37:22.030000,Drainage Overflow
2020-07-16T07:37:22.830000,Drainage Overflow
2020-07-16T07:37:23.952000,Drainage Overflow
2020-07-16T07:37:24.230000,Drainage Overflow
2020-07-16T07:37:25.112000,Drainage Overflow
2020-07-16T07:37:25.747000,Drainage Overflow
2020-07-16T07:37:26.390000,Drainage Overflow
2020-07-16T07:37:27.022000,Drainage Overflow
2020-07-16T07:37:27.744000,Drainage Overflow
2020-07-16T07:37:28.757000,Drainage Overflow
2020-07-16T07:37:29.153000,Drainage Overflow
2020-07-16T07:37:29.913000,Drainage Overflow
2020-07-16T07:37:30.591000,Drainage Overflow
2020-07-16T07:37:31.513000,Drainage Overflow
2020-07-16T07:37:31.841000,Drainage Overflow
2020-07-16T07:37:32.793000,Drainage Overflow
2020-07-16T07:37:33.442000,Drainage Overflow
2020-07-16T07:37:34.041000,Drainage Overflow
2020-07-16T07:37:34.834000,Drainage Overflow
2020-07-16T07:37:35.672000,Drainage Overflow
2020-07-16T07:37:36.414000,Drainage Overflow
2020-07-16T07:37:36.836000,Drainage Overflow
2020-07-16T07:37:37.480000,Drainage Overflow
2020-07-16T07:37:38.550000,Drainage Overflow
2020-07-16T07:37:38.967000,Drainage Overflow
2020-07-16T07:37:40.351000,Drainage Overflow
2020-07-16T07:37:40.515000,Drainage Overflow
2020-07-16T07:37:41.119000,Drainage Overflow
2020-07-16T07:37:42.299000,Drainage Overflow
2020-07-16T07:37:42.469000,Drainage Overflow
2020-07-16T07:37:43.397000,Drainage Overflow
2020-07-16T07:37:43.846000,Drainage Overflow
2020-07-16T07:37:44.543000,Drainage Overflow
2020-07-16T07:37:45.303000,Drainage Overflow
2020-07-16T07:37:46.029000,Drainage Overflow
2020-07-16T07:37:46.665000,Drainage Overflow
2020-07-16T07:37:47.663000,Drainage Overflow
2020-07-16T07:37:48.161000,Drainage Overflow
2020-07-16T07:37:48.707000,Drainage Overflow
2020-07-16T07:37:50.459000,Drainage Overflow
2020-07-16T07:37:50.591000,Drainage Overflow
2020-07-16T07:37:51.565000,Drainage Overflow
2020-07-16T07:37:51.667000,Drainage Overflow
2020-07-16T07:37:52.326000,Drainage Overflow
2020-07-16T07:37:53.077000,Drainage Overflow
2020-07-16T07:37:53.640000,Drainage Overflow
2020-07-16T07:37:54.551000,Drainage Overflow
2020-07-16T07:37:55.191000,Drainage Overflow
2020-07-16T07:37:55.834000,Drainage Overflow
2020-07-16T07:37:56.462000,Drainage Overflow
2020-07-16T07:37:57.283000,Drainage Overflow
2020-07-16T07:37:57.837000,Drainage Overflow
2020-07-16T07:37:58.552000,Drainage Overflow
2020-07-16T07:37:59.343000,Drainage Overflow
2020-07-16T07:37:59.988000,Drainage Overflow
2020-07-16T07:38:01.217000,Drainage Overflow
2020-07-16T07:38:01.341000,Drainage Overflow
2020-07-16T07:38:02.225000,Drainage Overflow
2020-07-16T07:38:03.110000,Drainage Overflow
2020-07-16T07:38:03.463000,Drainage Overflow
2020-07-16T07:38:04.183000,Drainage Overflow
2020-07-16T07:38:05.548000,Drainage Overflow
2020-07-16T07:38:05.756000,Drainage Overflow
2020-07-16T07:38:06.264000,Drainage Overflow
2020-07-16T07:38:07.022000,Drainage Overflow
2020-07-16T07:38:07.640000,Drainage Overflow
2020-07-16T07:38:08.622000,Drainage Overflow
2020-07-16T07:38:09.263000,Drainage empty
2020-07-16T07:38:09.904000,Drainage Overflow
2020-07-16T07:38:11.174000,Drainage Overflow
2020-07-16T07:38:11.300000,Drainage Overflow
2020-07-16T07:38:12.924000,Drainage Overflow
2020-07-16T07:38:13.132000,Drainage Overflow
2020-07-16T07:38:13.360000,Drainage Overflow
2020-07-16T07:38:14.062000,Drainage Overflow
2020-07-16T07:38:14.661000,Drainage Overflow
2020-07-16T07:38:15.343000,Drainage Overflow
2020-07-16T07:38:16.472000,Drainage halffilled
2020-07-16T07:38:16.823000,Drainage Overflow
2020-07-16T07:38:17.981000,Drainage Overflow
2020-07-16T07:38:18.240000,Drainage Overflow
2020-07-16T07:38:18.917000,Drainage halffilled
2020-07-16T07:38:19.754000,Drainage Overflow
2020-07-16T07:38:20.274000,Drainage empty
2020-07-16T07:38:21.135000,Drainage Overflow
2020-07-16T07:38:21.971000,Drainage Overflow
2020-07-16T07:38:22.425000,Drainage Overflow
2020-07-16T07:38:23.846000,Drainage halffilled
2020-07-16T07:38:24.095000,Drainage halffilled
2020-07-16T07:40:34.933000,Drainage halffilled
2020-07-16T07:40:34.976000,Drainage halffilled
2020-07-16T07:40:34.976000,Drainage halffilled
2020-07-16T07:40:35.192000,Drainage halffilled
2020-07-16T07:40:35.197000,Drainage halffilled
2020-07-16T07:40:35.196000,Drainage halffilled
2020-07-16T07:40:35.533000,Drainage halffilled
2020-07-16T07:40:35.533000,Drainage halffilled
2020-07-16T07:40:35.553000,Drainage halffilled
2020-07-16T07:40:35.744000,Drainage halffilled
2020-07-16T07:42:59.802000,Drainage halffilled
